LAT_LONG,DAU_CODE
33.066111_-115.709167,353
33.178056_-115.614444,353
33.281944_-115.578611,353
33.386678_-117.593914,120
33.409639_-117.591006,114
33.440559_-116.0607,348
33.454897_-116.078977,348
33.455241_-116.061172,348
33.459421_-116.087272,348
33.462382_-116.061245,348
33.463593_-116.074278,348
33.470187_-116.094818,348
33.48065_-116.112692,348
33.481054_-116.095336,348
33.498767_-116.095372,348
33.498956_-116.130198,348
33.507275_-115.890147,349
33.509206_-117.660446,114
33.510767_-115.920793,349
33.510786_-116.149466,348
33.511111_-117.661111,114
33.51122_-115.925506,349
33.512678_-115.930857,349
33.515167_-115.93451,349
33.516797_-116.082468,348
33.51823_-116.078914,348
33.519944_-116.074636,348
33.521118_-115.939335,349
33.523699_-116.008858,348
33.524985_-115.97331,348
33.52516_-116.131143,348
33.525217_-116.095513,348
33.525371_-115.991129,348
33.525378_-116.026382,348
33.525475_-115.956632,348
33.525969_-116.078921,348
33.526966_-116.030798,348
33.52908_-116.035213,348
33.531303_-117.645881,114
33.532247_-116.030868,348
33.532695_-116.043672,348
33.539965_-115.991758,348
33.539988_-116.078863,348
33.540052_-116.061755,348
33.540228_-116.008863,348
33.540282_-116.112702,348
33.540407_-115.974133,348
33.542636_-116.148191,348
33.545719_-117.659839,114
33.551208_-117.801428,114
33.554755_-116.092281,348
33.554938_-116.026518,348
33.555035_-116.130245,348
33.564205_-117.545294,114
33.564936_-117.587779,114
33.568954_-116.181827,348
33.569114_-116.061466,348
33.569223_-116.079206,348
33.569232_-116.044161,348
33.569668_-116.026249,348
33.575518_-117.672496,114
33.580572_-116.077744,348
33.583798_-116.026346,348
33.583874_-116.129596,348
33.583961_-116.04366,348
33.598087_-116.224755,348
33.613073_-116.164041,348
33.613189_-116.078175,348
33.626389_-117.841667,96
33.62715_-116.196887,348
33.628239_-117.8839,96
33.634805_-116.136049,348
33.643114_-117.566156,114
33.64637_-117.86201,96
33.653493_-117.828902,96
33.653744_-116.313906,348
33.655_-117.856111,96
33.656714_-116.218393,348
33.660497_-117.944019,96
33.663889_-117.67,96
33.676111_-116.178889,348
33.676322_-117.77922,96
33.6775_-116.300833,348
33.681454_-117.991867,96
33.682448_-117.342211,98
33.692977_-117.352374,98
33.694405_-117.35108,98
33.6975_-117.350556,98
33.698333_-117.349722,98
33.702489_-116.371969,348
33.70633_-118.001806,96
33.712031_-116.194712,348
33.712039_-117.73075,96
33.730556_-116.288889,348
33.733537_-116.351461,348
33.735_-116.406944,348
33.735278_-116.24,348
33.736389_-118.021667,96
33.746389_-118.118333,89
33.747222_-118.095,96
33.74818_-117.994807,96
33.75_-118.1,96
33.7525_-118.115,89
33.754722_-118.105556,89
33.755_-118.105556,89
33.755556_-118.111944,89
33.756111_-118.106667,89
33.756667_-118.108333,89
33.756944_-117.898056,96
33.757778_-118.0975,89
33.758056_-118.1075,89
33.758476_-118.2409,89
33.758611_-118.108056,89
33.759167_-118.105556,89
33.759789_-117.468713,98
33.760556_-118.111667,89
33.761111_-118.104444,89
33.761111_-118.107222,89
33.763333_-118.100833,89
33.764444_-118.2025,89
33.765278_-118.096944,89
33.765833_-116.529864,348
33.765833_-118.111111,89
33.766389_-118.215556,89
33.766636_-117.490616,98
33.767222_-118.1175,89
33.767222_-118.120556,89
33.768333_-118.116389,89
33.769162_-117.841918,96
33.769444_-118.120278,89
33.769866_-118.133689,89
33.773403_-118.094039,96
33.775497_-117.903915,96
33.775625_-116.257544,348
33.777778_-118.206667,89
33.778056_-118.2875,89
33.77842_-118.208565,89
33.778611_-118.335833,89
33.778611_-118.338056,89
33.778889_-118.201111,89
33.778889_-118.339167,89
33.778889_-118.340556,89
33.779722_-118.281389,89
33.784722_-118.293056,89
33.784894_-117.758989,96
33.784932_-118.284042,89
33.785278_-118.290278,89
33.785997_-118.352586,89
33.786111_-118.2975,89
33.786389_-118.124167,89
33.788889_-118.284722,89
33.789167_-118.101667,89
33.790278_-118.286111,89
33.790675_-116.451052,348
33.791389_-118.121944,89
33.792778_-118.288889,89
33.793333_-118.171944,89
33.795_-116.448889,348
33.796389_-118.113056,89
33.797623_-118.220873,89
33.797706_-118.288214,89
33.798056_-118.163333,89
33.801111_-118.123611,89
33.801389_-118.1,89
33.802558_-118.169888,89
33.804444_-118.203611,89
33.805514_-116.498372,348
33.806389_-118.085556,89
33.806536_-118.285086,89
33.808034_-118.185097,89
33.808333_-118.085,89
33.809167_-118.098056,89
33.81_-118.084722,89
33.813333_-118.186111,89
33.81407_-117.766031,96
33.815466_-117.954318,96
33.823056_-118.119167,89
33.823611_-118.110278,89
33.823889_-116.393056,348
33.824722_-118.066389,89
33.826389_-118.341944,89
33.828889_-118.206667,89
33.829444_-118.374444,89
33.829722_-118.064167,89
33.834147_-118.059148,96
33.834444_-118.196944,89
33.838611_-118.150556,89
33.840696_-118.177933,89
33.840746_-118.202205,89
33.841503_-116.549117,348
33.841667_-118.061111,89
33.841944_-118.097778,89
33.842119_-118.196712,89
33.842222_-118.097778,89
33.844722_-118.108611,89
33.845833_-118.059444,89
33.845833_-118.203611,89
33.846667_-118.131944,89
33.846667_-118.143056,89
33.8475_-118.325556,89
33.847778_-118.329167,89
33.848056_-118.1125,89
33.848889_-118.152778,89
33.849167_-118.158056,89
33.85_-118.064444,89
33.8525_-118.344167,89
33.853889_-118.150833,89
33.855556_-118.050278,89
33.856111_-118.328611,89
33.856389_-118.064444,89
33.859851_-117.368533,98
33.860833_-118.265278,89
33.861667_-118.104444,89
33.861944_-118.195,89
33.862433_-116.560769,348
33.863611_-118.194167,89
33.868611_-118.033889,89
33.870278_-118.268333,89
33.870496_-117.672683,96
33.872069_-118.154569,89
33.873924_-118.294173,89
33.874444_-118.151389,89
33.874722_-118.289167,89
33.875278_-118.292222,89
33.875278_-118.295833,89
33.876944_-118.1775,89
33.878056_-118.108889,89
33.879444_-118.291389,89
33.887222_-118.359722,89
33.888056_-118.127222,89
33.893395_-117.601733,98
33.894518_-117.885981,96
33.895234_-117.597782,98
33.897778_-118.017778,89
33.898396_-118.110395,89
33.898611_-118.037778,89
33.898895_-117.598675,98
33.898899_-117.595757,98
33.899742_-116.362194,348
33.901191_-117.545083,98
33.902492_-117.587338,98
33.9025_-117.58718,98
33.903056_-118.187778,89
33.905278_-117.603056,98
33.90589_-117.54009,98
33.906944_-118.082778,89
33.9075_-118.421667,89
33.909444_-118.401667,89
33.910208_-117.60581,98
33.911663_-117.635688,98
33.913056_-117.479722,98
33.914239_-117.624789,98
33.917758_-117.620916,98
33.917778_-118.036944,89
33.917922_-116.484575,348
33.920278_-118.037778,89
33.920507_-117.620489,98
33.920556_-118.423889,89
33.921944_-118.425556,89
33.922018_-117.570699,98
33.923265_-117.615284,98
33.923333_-118.200556,89
33.923333_-118.425556,89
33.923611_-118.425833,89
33.92434_-118.112792,89
33.924722_-117.58,98
33.925796_-117.523713,98
33.925833_-117.659722,100
33.926111_-118.426389,89
33.926111_-118.426667,89
33.926126_-117.52701,98
33.926371_-117.52768,98
33.926581_-117.56942,98
33.927778_-118.426944,89
33.927778_-118.427222,89
33.929722_-118.426944,89
33.929763_-117.577017,98
33.93_-118.4275,89
33.930068_-117.581805,98
33.934444_-117.6725,100
33.934481_-118.019994,89
33.935_-117.655833,100
33.936667_-118.039444,89
33.937778_-117.633056,100
33.93977_-117.561815,98
33.940833_-118.425,89
33.941986_-117.551957,98
33.942222_-118.339722,89
33.943056_-118.426944,89
33.943333_-116.493889,348
33.943333_-118.423056,89
33.944167_-118.1925,89
33.945278_-118.424167,89
33.946111_-117.991667,89
33.947486_-117.566595,98
33.947899_-117.570495,98
33.948889_-118.336944,89
33.950074_-117.589937,98
33.951111_-118.088611,89
33.951944_-118.445556,89
33.953262_-118.148019,89
33.953688_-117.032494,98
33.954483_-117.341575,98
33.956694_-118.36145,89
33.956944_-117.681667,100
33.958056_-117.679167,100
33.958174_-117.956921,89
33.958333_-118.0225,89
33.960833_-117.47,98
33.961712_-117.489274,98
33.962222_-118.335278,89
33.962959_-117.496389,98
33.963637_-117.42711,98
33.963995_-117.488073,98
33.964347_-117.49631,98
33.965_-117.419444,98
33.965278_-118.436667,89
33.966736_-117.430602,98
33.966944_-118.335278,89
33.967544_-118.434406,89
33.967964_-117.523137,98
33.968333_-117.615556,100
33.968831_-116.501683,348
33.969722_-118.335833,89
33.970556_-118.170556,89
33.970556_-118.35,89
33.972325_-118.422083,89
33.974444_-118.354722,89
33.974722_-118.346667,89
33.974755_-117.576456,98
33.975556_-118.340278,89
33.976041_-117.425603,98
33.976111_-118.341389,89
33.976321_-117.421639,98
33.976344_-117.425464,98
33.976667_-117.892222,92
33.977222_-118.066389,89
33.9775_-118.3575,89
33.977575_-118.412836,89
33.977778_-117.895,92
33.978333_-118.34,89
33.978466_-118.337512,89
33.979722_-118.310833,89
33.98_-117.863333,92
33.98_-117.927778,92
33.980276_-117.417262,98
33.981111_-117.421389,98
33.981667_-118.083056,89
33.98198_-117.417272,98
33.9825_-117.575556,98
33.982506_-116.531908,348
33.983611_-118.321667,89
33.9841_-118.4036,89
33.984101_-118.403599,89
33.984167_-118.403056,89
33.984444_-118.1125,89
33.984722_-118.08,89
33.985721_-117.956488,92
33.985833_-117.893611,92
33.988611_-118.090833,89
33.990278_-117.866111,92
33.991111_-118.361389,89
33.997222_-117.630556,100
33.998333_-118.072778,89
34.001944_-118.095833,89
34.002222_-118.378056,89
34.004272_-117.539441,98
34.004722_-118.098611,89
34.005_-117.8125,92
34.005972_-118.368583,89
34.006583_-118.37125,89
34.007222_-118.4575,89
34.0075_-118.099444,89
34.011306_-118.385639,89
34.011667_-118.369167,89
34.012222_-117.583056,100
34.012222_-118.219167,89
34.012222_-118.371944,89
34.014532_-118.067876,89
34.015411_-118.819242,87
34.015935_-117.328658,98
34.016431_-118.817553,87
34.0175_-117.628056,100
34.017778_-117.581667,100
34.018611_-117.593056,100
34.018611_-117.641111,100
34.018889_-117.575278,100
34.018889_-117.584444,100
34.019167_-117.610833,100
34.02_-117.6275,100
34.02_-117.630556,100
34.020278_-117.566944,100
34.020278_-118.095833,89
34.021389_-117.607222,100
34.025556_-118.058889,92
34.026944_-118.071667,92
34.027061_-118.221103,89
34.028056_-118.058611,92
34.028333_-118.072778,92
34.028333_-118.082222,92
34.029722_-118.056389,92
34.030278_-118.041667,92
34.030278_-118.070833,92
34.030833_-118.049444,92
34.031311_-117.817017,92
34.031944_-117.8175,92
34.032106_-118.055746,92
34.033056_-118.042778,92
34.03386_-117.328923,100
34.034444_-118.045278,92
34.034444_-118.681667,87
34.041944_-118.300278,89
34.04446_-118.227939,89
34.045556_-118.053056,92
34.048056_-117.606667,100
34.048333_-117.674444,100
34.048762_-117.048962,100
34.048974_-117.335712,100
34.05_-117.816667,92
34.051389_-118.108333,89
34.056667_-118.511389,89
34.057083_-118.394056,89
34.058889_-118.2525,89
34.058889_-118.879722,87
34.059444_-118.250556,89
34.064722_-118.356389,89
34.070556_-117.673056,100
34.071928_-117.279592,100
34.077222_-117.589722,100
34.0775_-117.704722,100
34.086389_-118.230833,90
34.088333_-118.880556,87
34.088611_-118.0675,92
34.090076_-117.212384,100
34.093056_-118.234167,90
34.093056_-118.235833,90
34.094722_-118.239444,90
34.095833_-118.586944,87
34.10144_-117.444593,100
34.1075_-118.248056,90
34.1075_-118.255556,90
34.109133_-118.853903,87
34.111944_-117.621944,100
34.113056_-118.255278,90
34.116667_-117.7125,92
34.116667_-118.111389,92
34.118056_-118.2675,90
34.12_-118.120278,92
34.120556_-118.123333,92
34.120833_-118.105278,92
34.122778_-118.407778,89
34.123333_-117.515,100
34.1275_-118.114167,92
34.129044_-118.213978,90
34.129483_-117.355543,100
34.130278_-118.110278,92
34.131667_-118.277222,90
34.133611_-117.598056,100
34.135_-117.369444,100
34.136111_-118.283611,90
34.136944_-118.288889,90
34.137222_-118.284444,90
34.1375_-118.275556,90
34.139722_-118.288333,90
34.14_-118.205833,90
34.140278_-118.188889,90
34.141389_-118.286944,90
34.141389_-118.288889,90
34.142778_-118.365556,90
34.142778_-118.653889,90
34.144444_-119.183611,81
34.145278_-118.290278,90
34.145469_-117.93492,92
34.145556_-118.198333,90
34.146389_-118.288056,90
34.146944_-118.2925,90
34.147222_-118.280556,90
34.147222_-118.288889,90
34.1475_-118.293889,90
34.147778_-118.805,87
34.148333_-118.294444,90
34.148611_-118.291944,90
34.149444_-118.290833,90
34.150278_-117.663889,100
34.150556_-118.287778,90
34.151389_-118.3975,90
34.152353_-117.639067,100
34.152778_-118.202778,90
34.155_-118.4375,90
34.157222_-118.465278,90
34.158333_-118.3,90
34.163333_-118.633889,90
34.165278_-118.516111,90
34.165556_-118.493889,90
34.169167_-118.471667,90
34.17_-118.308611,90
34.170833_-118.469444,90
34.171111_-118.202222,90
34.171111_-118.469722,90
34.171111_-118.4975,90
34.171389_-118.469722,90
34.171389_-118.480278,90
34.171667_-118.330833,90
34.1725_-117.273611,100
34.172778_-118.489167,90
34.173333_-118.484722,90
34.173889_-118.4725,90
34.174167_-118.4975,90
34.175278_-118.473611,90
34.175278_-118.479722,90
34.176111_-118.493056,90
34.176389_-118.488333,90
34.176944_-118.23,90
34.1775_-118.481111,90
34.178056_-118.484167,90
34.178611_-118.498611,90
34.178889_-118.4825,90
34.179722_-118.484444,90
34.18_-118.483611,90
34.181389_-118.480556,90
34.181667_-118.617222,90
34.182222_-118.543333,90
34.182778_-118.485278,90
34.183056_-118.477222,90
34.183333_-118.489722,90
34.184444_-118.476944,90
34.184722_-118.480556,90
34.184722_-118.524444,90
34.185068_-118.195628,92
34.185556_-118.4925,90
34.188333_-118.355278,90
34.189444_-118.469444,90
34.19_-118.494444,90
34.190833_-118.514444,90
34.193056_-118.568056,90
34.196111_-118.176389,92
34.198611_-118.201389,92
34.198889_-118.489722,90
34.201389_-118.540556,90
34.205022_-117.404311,100
34.214444_-118.206667,92
34.214444_-118.458611,90
34.217222_-118.218611,90
34.217222_-118.468611,90
34.218056_-118.458611,90
34.221111_-118.459444,90
34.222778_-118.459444,90
34.224167_-118.444722,90
34.224167_-118.459722,90
34.233333_-118.618889,90
34.236944_-118.6325,90
34.237222_-118.628889,90
34.2375_-118.627222,90
34.238056_-118.626667,90
34.238333_-118.625,90
34.238889_-118.628611,90
34.239167_-118.623611,90
34.239167_-118.627222,90
34.239722_-118.625,90
34.243611_-118.620556,90
34.248889_-118.611944,90
34.249722_-118.376111,90
34.253611_-118.390278,90
34.254722_-118.3775,90
34.258056_-118.49,90
34.258056_-118.529444,90
34.258611_-118.395,90
34.260556_-118.601944,90
34.261389_-118.559444,90
34.261667_-118.445278,90
34.264444_-118.316667,90
34.264722_-118.386944,90
34.265278_-118.356389,90
34.265556_-118.316667,90
34.265833_-118.488611,90
34.266389_-118.393056,90
34.266944_-118.388333,90
34.2675_-118.3225,90
34.267778_-118.3875,90
34.268333_-118.388056,90
34.268611_-118.319722,90
34.268889_-118.341944,90
34.268889_-118.395,90
34.269167_-118.854722,81
34.269167_-118.876944,81
34.269444_-118.341667,90
34.269722_-118.386667,90
34.270278_-118.318056,90
34.270556_-118.384722,90
34.271389_-118.389444,90
34.271944_-118.369167,90
34.272778_-118.369167,90
34.276667_-118.895833,81
34.285556_-118.401389,90
34.286111_-118.475,90
34.286944_-118.478056,90
34.2875_-118.859444,81
34.291111_-118.841944,81
34.301389_-118.488333,90
34.305556_-118.495,90
34.306389_-118.489722,90
34.306389_-118.494444,90
34.306667_-118.491944,90
34.307222_-118.4925,90
34.318889_-118.486944,90
34.359436_-118.541812,83
34.37979_-118.55187,83
34.381944_-118.566111,83
34.382778_-118.551389,83
34.38886_-118.40437,83
34.393906_-118.59227,83
34.39556_-118.44531,83
34.4_-118.475,83
34.419167_-118.439444,83
34.423611_-118.495,83
34.42407_-118.49026,83
34.427222_-118.476944,83
34.4275_-118.542222,83
34.430556_-118.589722,83
34.431111_-118.621944,83
34.431389_-118.521111,83
34.439139_-118.53545,83
34.444629_-118.392073,83
34.453416_-118.618261,83
34.48908_-118.615911,83
34.510869_-118.636592,83
34.513333_-117.272222,309
34.829807_-114.59376,340
35.03156_-118.915194,258
35.060202_-119.00422,261
35.135923_-118.941293,258
35.13772_-119.0747,254
35.15208_-119.200111,261
35.158333_-118.811944,258
35.158333_-118.814722,258
35.158889_-118.811944,258
35.166389_-118.824722,258
35.186651_-118.968152,254
35.186909_-118.957708,254
35.19981_-118.83688,258
35.23695_-119.0429,254
35.24_-119.040278,254
35.245207_-119.235606,254
35.252222_-119.235556,254
35.275833_-119.098611,254
35.28105_-119.042364,254
35.282657_-118.932452,254
35.289889_-118.978889,254
35.29902_-119.07928,254
35.303889_-119.109722,254
35.304167_-118.983611,254
35.305833_-119.243056,254
35.31284_-119.02566,254
35.320355_-119.128535,254
35.321667_-119.201111,254
35.321944_-119.197778,254
35.322222_-119.201111,254
35.323056_-119.209167,254
35.323333_-119.201111,254
35.32605_-119.10346,254
35.330278_-119.287778,254
35.33073_-119.05242,254
35.332502_-119.181457,254
35.3328_-119.10343,254
35.33569_-119.0248,254
35.33923_-119.07122,254
35.33936_-119.07127,254
35.342063_-119.125206,254
35.342417_-118.940198,254
35.342778_-119.190278,254
35.34554_-119.10014,254
35.346_-118.871944,258
35.34605_-119.09826,254
35.3461_-119.1722,254
35.346111_-119.172222,254
35.346389_-119.162222,254
35.346389_-119.164167,254
35.346389_-119.165556,254
35.3464_-119.1642,254
35.34808_-119.9608,69
35.34941_-119.09605,254
35.350684_-119.162446,254
35.351867_-119.148875,254
35.36449_-119.08601,254
35.36546_-119.12593,254
35.36618_-119.08727,254
35.366667_-119.071667,254
35.366667_-119.072778,254
35.366944_-119.070278,254
35.368256_-119.125263,254
35.370243_-119.189268,254
35.370458_-119.142281,254
35.3772_-119.0088,254
35.377778_-118.959722,254
35.390161_-119.157264,254
35.39051_-118.95578,254
35.39123_-118.95644,254
35.391872_-119.114956,254
35.3927_-119.11644,254
35.402_-119.033722,254
35.40216_-119.14577,256
35.402222_-119.145833,256
35.402257_-119.025445,254
35.402487_-119.145667,256
35.403333_-119.042222,254
35.403333_-119.395278,255
35.40387_-119.14684,256
35.40461_-119.003397,254
35.40483_-119.320611,254
35.40585_-119.10194,254
35.406436_-118.839551,257
35.407222_-119.013056,254
35.4075_-119.012222,254
35.40777_-119.07963,254
35.407778_-119.011944,254
35.40854_-119.00985,254
35.40951_-118.97459,254
35.409833_-119.126583,254
35.41002_-118.97594,254
35.41147_-118.99173,254
35.41169_-119.00769,254
35.41176_-118.98531,254
35.41267_-119.00294,254
35.41327_-118.996,254
35.41375_-119.500306,255
35.413889_-118.982778,254
35.414722_-118.978889,254
35.416944_-119.046389,254
35.420631_-118.975706,254
35.420921_-119.035413,254
35.42214_-118.81997,257
35.42326_-118.82141,257
35.425113_-119.087232,254
35.425436_-118.838773,257
35.426111_-118.988333,254
35.4279_-119.4061,255
35.42794_-119.40613,255
35.428015_-119.11481,256
35.4325_-118.887222,257
35.433333_-118.885833,257
35.433333_-118.886667,257
35.436389_-119.406111,255
35.4364_-119.4061,255
35.437778_-118.853056,257
35.437778_-119.405833,255
35.438056_-118.853333,257
35.438611_-118.853333,257
35.441667_-119.407778,255
35.445183_-118.937033,257
35.44889_-118.93307,257
35.44942_-118.93312,257
35.470548_-119.08558,256
35.492945_-119.271955,256
35.49447_-119.16957,256
35.50144_-119.478056,255
35.502222_-119.253889,256
35.50727_-119.36006,256
35.532069_-119.476597,255
35.532314_-119.47958,255
35.542778_-119.486389,255
35.543333_-119.484444,255
35.551611_-119.118819,256
35.56463_-119.31339,256
35.5775_-119.3475,256
35.616737_-119.616968,255
35.66003_-119.502709,255
35.717778_-119.625556,255
35.720833_-119.633611,255
35.723333_-119.625278,255
35.724296_-119.625149,255
35.727222_-119.624722,255
35.728333_-119.631389,255
35.731952_-119.623947,255
35.73486_-119.49026,255
35.743056_-119.628889,255
35.748333_-119.581667,255
35.749722_-119.598333,255
35.76_-119.5808,255
35.76_-119.580833,255
36.079722_-119.553889,241
36.080556_-119.559444,241
36.094167_-119.500278,242
36.099444_-119.561111,241
36.111389_-119.5625,241
36.137778_-119.519167,242
36.218056_-119.735556,238
36.225833_-119.726944,238
36.256944_-119.877778,244
36.263333_-119.775,238
36.265556_-119.860556,237
36.268333_-119.871111,244
36.269722_-119.858056,238
36.27599_-119.855529,238
36.276109_-119.198742,242
36.276194_-119.216124,242
36.287222_-119.834444,238
36.2875_-119.574167,238
36.290278_-119.822222,238
36.290661_-119.21609,242
36.291111_-119.676389,238
36.304452_-119.144631,242
36.304722_-119.661667,238
36.305406_-119.376406,242
36.305468_-119.358468,242
36.305556_-119.7875,238
36.309722_-119.708333,238
36.318333_-119.683611,238
36.319167_-119.948889,244
36.319272_-119.79354,238
36.320008_-119.358617,242
36.328611_-119.810833,238
36.33_-119.665556,238
36.334607_-119.376648,242
36.334666_-119.305372,242
36.334722_-119.648056,238
36.335_-119.618889,238
36.336944_-119.913333,244
36.342222_-119.623611,238
36.343611_-119.894444,237
36.346389_-119.711944,238
36.346944_-119.641667,238
36.348611_-119.833889,237
36.350556_-119.775833,238
36.350833_-119.622222,238
36.351111_-119.670833,238
36.351743_-119.631479,238
36.353056_-119.854167,237
36.356944_-119.673056,238
36.357778_-119.638611,238
36.363085_-119.448625,242
36.363578_-119.430251,242
36.363612_-119.412505,242
36.363762_-119.323217,242
36.363784_-119.341052,242
36.366667_-119.637222,238
36.368056_-119.614167,238
36.372222_-119.538056,242
36.3725_-119.765,238
36.373889_-119.886111,237
36.378061_-119.233957,242
36.383611_-119.870278,237
36.390278_-119.765,238
36.391901_-119.070295,242
36.392222_-119.519722,242
36.401111_-119.726667,238
36.409222_-119.842167,237
36.41_-119.701944,238
36.411917_-119.833972,237
36.414111_-119.856972,237
36.419833_-119.845694,237
36.420306_-119.863389,237
36.420528_-119.843694,237
36.421449_-119.286978,242
36.423667_-119.856472,237
36.423806_-119.857944,237
36.423861_-119.783111,237
36.425833_-119.845556,237
36.4265_-119.846139,237
36.427056_-119.692639,237
36.427528_-119.853833,237
36.428041_-119.860025,237
36.428278_-119.705056,237
36.429167_-119.69,237
36.429167_-119.731389,237
36.429444_-119.682111,237
36.43_-119.681111,237
36.430583_-119.842139,237
36.430852_-119.684508,237
36.430861_-119.826333,237
36.431722_-119.865944,237
36.433389_-119.862,237
36.433472_-119.858472,237
36.434861_-119.856944,237
36.435139_-119.8655,237
36.435528_-119.674139,237
36.43591_-119.286759,239
36.437092_-119.46584,239
36.437667_-119.8795,237
36.438417_-119.867556,237
36.438889_-119.688111,237
36.441111_-119.677167,235
36.446972_-119.873361,237
36.447085_-119.879028,237
36.451647_-119.465682,239
36.452778_-119.862778,237
36.456667_-119.481667,239
36.458889_-119.593194,236
36.459083_-120.046556,237
36.4665_-119.933194,237
36.467889_-119.936306,237
36.469722_-119.940361,237
36.48325_-119.544472,236
36.485306_-119.541167,236
36.489333_-119.615361,236
36.489444_-119.620722,236
36.493_-119.620194,236
36.493836_-119.277576,239
36.496061_-119.511937,239
36.496087_-119.529961,239
36.49625_-119.614167,236
36.496472_-119.620194,236
36.500083_-119.617917,236
36.5029_-120.389708,244
36.509128_-119.349581,239
36.515083_-119.548972,236
36.5185_-119.539389,236
36.521056_-119.539972,236
36.521778_-119.557778,236
36.522667_-119.532278,236
36.52396_-119.385857,239
36.53519_-120.100009,237
36.538056_-119.832611,236
36.552776_-119.367715,239
36.552885_-119.386026,239
36.553241_-119.403976,239
36.553943_-119.475931,239
36.567389_-119.602667,236
36.567445_-119.386012,239
36.574667_-119.369833,239
36.576163_-119.618961,236
36.578556_-119.622778,236
36.579861_-119.592667,236
36.581444_-119.595167,236
36.583472_-119.597444,236
36.5835_-119.601167,236
36.584778_-119.596,236
36.591222_-119.561361,236
36.593472_-119.445639,239
36.601556_-119.570306,236
36.601639_-119.566,236
36.606083_-119.907417,235
36.606444_-119.33625,240
36.607778_-119.465306,236
36.6085_-119.327333,240
36.608694_-119.331361,240
36.609667_-119.465194,236
36.6105_-119.327222,240
36.610611_-119.336,240
36.612167_-119.335417,240
36.612361_-119.546778,236
36.614083_-119.339611,240
36.617361_-119.333694,240
36.617889_-119.333472,240
36.621222_-119.331917,240
36.623861_-119.310306,240
36.624222_-119.333083,240
36.625_-119.328722,240
36.627222_-119.3075,240
36.628222_-119.326833,240
36.628806_-119.320972,240
36.629083_-119.322861,240
36.629944_-119.321333,240
36.633083_-119.676472,236
36.633861_-119.674833,236
36.634583_-119.673111,236
36.636985_-120.624068,244
36.637139_-119.678111,236
36.643085_-120.255961,237
36.64532_-120.287279,237
36.646419_-120.252222,237
36.647015_-120.266575,237
36.649189_-120.261113,237
36.65109_-120.24892,237
36.652513_-119.596006,236
36.653333_-119.531111,236
36.6538_-119.527375,236
36.654081_-119.53045,236
36.65428_-120.260863,237
36.65525_-119.59325,236
36.655606_-119.530806,236
36.655764_-119.533661,236
36.659628_-119.534886,236
36.671474_-120.260751,235
36.678278_-119.401472,240
36.68109_-120.34583,235
36.681536_-120.343096,235
36.685158_-120.261211,235
36.685562_-120.297502,235
36.686668_-120.3225,235
36.689999_-120.29139,235
36.692222_-120.278893,235
36.706639_-119.536566,236
36.710326_-119.53557,236
36.713961_-119.564886,236
36.720933_-119.505208,236
36.720947_-119.503747,236
36.722361_-119.501583,236
36.723033_-119.504122,236
36.724283_-119.502072,236
36.724528_-119.461528,239
36.725297_-120.3097,235
36.726127_-120.315904,235
36.726258_-119.497617,236
36.728639_-119.502111,236
36.731969_-119.469997,236
36.732386_-119.500131,233
36.732611_-119.453111,239
36.733906_-120.340904,235
36.736111_-119.465639,239
36.7375_-119.466056,236
36.740139_-119.447556,239
36.740278_-119.867222,233
36.741778_-119.44875,239
36.742944_-119.461528,239
36.743444_-119.446139,239
36.743908_-119.690345,233
36.744928_-119.457178,239
36.745278_-119.458528,239
36.748096_-120.22226,235
36.751436_-119.445386,239
36.760886_-120.314116,235
36.761733_-120.379922,235
36.77198_-119.617286,233
36.773094_-119.418722,240
36.795933_-119.601268,233
36.796389_-119.593889,233
36.799444_-119.592222,233
36.801029_-119.583263,233
36.802354_-119.598589,233
36.804121_-119.591879,233
36.807967_-119.581489,234
36.80902_-120.133097,235
36.809558_-119.658939,233
36.810553_-119.742726,233
36.810942_-119.773539,233
36.813306_-119.7333,233
36.814342_-119.741886,233
36.814478_-119.731708,233
36.816682_-119.625816,233
36.816933_-119.733497,233
36.819475_-119.743744,233
36.819489_-119.73015,233
36.819506_-119.733492,233
36.821511_-119.733119,233
36.821633_-119.730558,233
36.821856_-119.735528,233
36.822703_-119.729461,233
36.822783_-119.745358,233
36.826664_-119.732597,233
36.826681_-119.734556,233
36.830311_-119.744264,233
36.836409_-120.707495,216
36.836944_-119.539167,234
36.840873_-120.435277,216
36.847085_-120.445043,216
36.8507_-119.8303,233
36.8514_-119.9012,233
36.8558_-119.8793,233
36.862253_-119.790694,234
36.862861_-120.454443,215
36.865925_-119.781875,234
36.86615_-119.785531,234
36.86635_-119.790233,234
36.866414_-119.783956,234
36.866872_-119.702108,233
36.866931_-119.781236,234
36.867292_-119.695681,233
36.868611_-120.452778,216
36.868803_-119.782428,234
36.870553_-119.781564,234
36.871343_-120.455569,216
36.872778_-119.647778,234
36.87391_-119.8078,214
36.87504_-121.823254,59
36.875442_-119.789203,234
36.876575_-119.787469,234
36.877406_-119.647844,234
36.879444_-120.434726,215
36.882553_-119.661311,234
36.888262_-121.804138,59
36.890225_-120.686678,216
36.895592_-119.674072,221
36.898378_-119.755572,234
36.901064_-121.784885,59
36.901195_-120.676917,216
36.903758_-121.78261,59
36.905248_-120.676979,216
36.905414_-121.838368,59
36.906087_-121.7917,59
36.908546_-120.657284,216
36.908889_-121.768889,59
36.909139_-120.566682,216
36.909935_-121.777622,59
36.90994_-120.56643,216
36.90999_-121.780003,59
36.910278_-121.809722,59
36.911163_-121.781856,59
36.911522_-121.804744,59
36.9125_-121.768333,59
36.91274_-121.807877,59
36.912783_-121.787991,59
36.913889_-121.765833,59
36.913889_-121.769722,59
36.915833_-121.786389,59
36.916503_-121.765801,59
36.91817_-121.763481,59
36.918333_-121.763889,59
36.918567_-119.676508,221
36.919722_-121.778333,59
36.920555_-121.836387,59
36.920752_-121.804165,59
36.921194_-119.869569,214
36.922808_-121.839184,59
36.923566_-121.85218,59
36.923728_-121.843733,59
36.925_-121.728333,59
36.925833_-121.8475,59
36.926944_-121.844444,59
36.931389_-121.762778,59
36.937441_-121.725554,59
36.940278_-121.73,59
36.941963_-121.730576,59
36.949444_-121.789167,59
36.950158_-121.760434,59
36.951834_-122.056075,60
36.95261_-120.59024,216
36.953849_-122.030393,60
36.95385_-120.634117,216
36.959525_-121.770337,59
36.96_-122.060278,60
36.960278_-121.769167,59
36.961046_-121.773995,59
36.962222_-121.762222,59
36.962778_-121.98,60
36.962778_-122.028611,60
36.962898_-121.739395,59
36.9647_-120.0993,213
36.965_-122.030833,60
36.966111_-121.812778,59
36.966111_-121.995556,60
36.9675_-121.7375,59
36.967778_-122.009444,60
36.968611_-122.014444,60
36.969035_-121.777375,59
36.969444_-121.9875,60
36.971389_-121.992778,60
36.9725_-121.880833,60
36.973611_-121.759722,59
36.97401_-120.0574,213
36.974167_-121.996667,60
36.974513_-122.001178,60
36.975278_-121.763056,59
36.975833_-121.993889,60
36.976667_-122.002778,60
36.977689_-121.974217,60
36.977778_-121.985278,60
36.978825_-120.561315,216
36.978889_-121.993611,60
36.980556_-121.993611,60
36.981389_-122.044444,60
36.981875_-121.764405,59
36.983333_-120.7825,216
36.983611_-122.062222,60
36.984167_-121.893056,60
36.984983_-119.721956,234
36.986667_-121.944167,60
36.98706_-121.989377,60
36.9875_-121.996667,60
36.996389_-120.624167,216
36.998371_-121.739738,59
37.001667_-119.024444,222
37.002222_-118.985833,222
37.002778_-119.019444,222
37.014444_-121.89,60
37.015966_-120.344315,213
37.01817_-120.1252,213
37.033333_-120.8475,216
37.045_-120.713056,216
37.061944_-122.081667,60
37.082246_-122.063127,60
37.086667_-120.837778,216
37.093_-121.632,62
37.0937_-121.631,62
37.0945_-121.6294,62
37.0964_-121.6251,62
37.14_-120.78,216
37.230833_-120.988333,216
37.231667_-120.908889,216
37.255278_-120.992222,216
37.261667_-120.518889,210
37.269553_-121.984877,44
37.27026_-121.96732,44
37.27229_-121.99421,44
37.273056_-120.600278,210
37.27409_-121.98257,44
37.27517_-121.97979,44
37.27882_-121.9946,44
37.28059_-121.98787,44
37.28104_-121.99982,44
37.28224_-122.00641,44
37.28402_-121.95519,44
37.286513_-121.962809,44
37.29252_-121.96098,44
37.29329_-121.95502,44
37.29509_-121.95315,44
37.29953_-121.96132,44
37.30184_-121.97198,44
37.307619_-121.02186,216
37.311111_-121.005556,216
37.312008_-120.989173,216
37.313992_-121.005578,216
37.3175_-121.0075,216
37.318317_-121.00953,216
37.320556_-120.978611,216
37.321667_-120.976667,216
37.324722_-121.030833,216
37.3375_-120.456111,210
37.345_-120.978611,216
37.352778_-120.9725,208
37.354722_-120.976111,208
37.358056_-120.974722,208
37.36_-120.977222,208
37.360278_-120.983611,216
37.363889_-120.957222,208
37.363889_-120.982778,216
37.364444_-120.975278,208
37.368889_-120.546111,210
37.37232_-121.8954,44
37.378611_-120.719444,210
37.393333_-120.719444,210
37.395556_-120.92,208
37.396667_-120.7275,210
37.408056_-120.839722,208
37.408056_-120.85,208
37.41472_-121.94664,44
37.421389_-120.915833,208
37.42405_-121.9256,44
37.42625_-121.92697,44
37.4275_-120.676389,208
37.4283_-121.9451,44
37.4285_-121.9426,44
37.4288_-121.9488,44
37.4305_-121.9416,44
37.4309_-121.9452,44
37.4319_-121.9485,44
37.431944_-120.864167,208
37.432029_-121.008947,208
37.4326_-121.9518,44
37.4327_-121.9452,44
37.432778_-121.004722,208
37.433056_-121.000556,208
37.433056_-121.006667,208
37.43347_-121.92872,44
37.4342_-121.9469,44
37.4355_-121.9436,44
37.43611_-121.92825,44
37.43858_-121.92757,44
37.44897_-120.91206,208
37.459722_-120.835556,208
37.480278_-121.074365,216
37.480833_-121.128056,216
37.485833_-121.108333,216
37.491667_-120.525278,209
37.497606_-120.852487,208
37.500079_-120.801751,208
37.501145_-120.82065,208
37.501231_-120.833802,208
37.501389_-121.096944,216
37.50904_-120.79647,208
37.511944_-120.833611,208
37.513889_-120.823611,208
37.517778_-120.361389,209
37.518056_-120.793611,208
37.518056_-120.823611,208
37.518333_-120.983611,208
37.521111_-120.439444,209
37.521667_-120.786111,208
37.523611_-120.384444,209
37.525556_-120.956389,208
37.536785_-120.784035,208
37.538333_-120.8425,208
37.551111_-120.845,208
37.555677_-120.783998,208
37.558889_-121.116389,208
37.562222_-122.090278,47
37.5625_-121.122778,208
37.563056_-121.121389,208
37.566389_-121.172778,216
37.567778_-121.173333,216
37.57_-121.175833,216
37.57_-121.178889,216
37.570278_-121.160833,216
37.57075_-120.863528,208
37.5725_-121.165556,216
37.581667_-122.048611,47
37.586944_-121.011944,208
37.5875_-120.9275,208
37.594444_-121.211389,216
37.599444_-120.948333,208
37.601944_-120.829722,208
37.608611_-120.947222,208
37.609444_-120.857222,208
37.609444_-120.921389,208
37.612778_-121.209444,216
37.613333_-121.212222,216
37.613611_-121.216944,216
37.62425_-121.2595,216
37.625177_-120.765495,208
37.628889_-121.220278,216
37.635139_-120.854111,206
37.635516_-121.229021,216
37.638972_-121.314222,185
37.647778_-121.239444,216
37.647806_-121.220917,206
37.649194_-120.793583,206
37.654778_-120.866222,206
37.655806_-120.906306,206
37.655833_-120.763056,206
37.656944_-121.236389,206
37.659_-121.39925,192
37.66_-121.885278,45
37.66175_-121.231222,206
37.663188_-122.143056,47
37.663694_-121.3445,185
37.664731_-120.924308,206
37.66577_-121.239535,205
37.668889_-121.796389,45
37.673611_-121.218889,206
37.674749_-120.91693,206
37.676208_-121.269657,185
37.6825_-121.723333,45
37.692576_-121.208084,205
37.693611_-121.208056,205
37.695278_-122.400833,43
37.696944_-121.826111,45
37.702083_-120.909028,206
37.706895_-121.206222,205
37.714444_-122.193056,47
37.715562_-121.46305,185
37.718056_-121.746944,45
37.720472_-120.973111,206
37.722778_-121.068056,206
37.723444_-121.024583,206
37.725583_-121.133593,205
37.726528_-121.035056,206
37.727033_-121.420713,185
37.727111_-121.4205,185
37.728203_-121.151915,205
37.729_-121.069278,206
37.731972_-121.091333,206
37.734167_-121.0625,206
37.736638_-121.130353,205
37.736694_-121.12975,205
37.738333_-121.042722,206
37.742435_-121.10343,205
37.743472_-121.956611,45
37.745_-122.250278,47
37.74573_-121.449055,185
37.750056_-121.060775,205
37.755278_-120.893611,206
37.757222_-121.541667,185
37.757806_-121.341667,185
37.757861_-121.494222,185
37.763_-121.156,205
37.764283_-121.344242,185
37.765857_-121.419558,185
37.77_-121.386111,185
37.772705_-121.55373,185
37.77275_-121.060722,205
37.774_-120.906056,206
37.775716_-121.298479,185
37.776507_-121.532603,185
37.777222_-120.777778,206
37.784918_-121.242343,205
37.785556_-121.552222,185
37.791451_-120.983984,205
37.80031_-121.200412,205
37.801306_-121.243917,205
37.805278_-120.726944,206
37.80675_-120.719806,207
37.810667_-120.916528,206
37.812222_-120.667778,206
37.8175_-120.673056,207
37.819248_-121.17415,205
37.823056_-120.9425,206
37.828843_-121.306108,185
37.829833_-120.912667,206
37.833056_-122.288056,47
37.833472_-120.909556,206
37.836758_-120.963229,206
37.841861_-121.466944,185
37.842222_-120.963361,206
37.842889_-121.606056,185
37.852361_-122.021389,46
37.864923_-121.328018,185
37.866667_-122.291944,47
37.87115_-121.040499,182
37.875_-121.000833,182
37.875196_-121.146022,182
37.878306_-122.459139,392
37.881389_-122.314444,47
37.883056_-122.306111,47
37.883889_-122.285556,47
37.890556_-122.283056,47
37.891111_-122.293056,47
37.891667_-122.307778,47
37.892222_-122.305833,47
37.894444_-121.5875,185
37.897778_-122.288056,47
37.898056_-122.303333,47
37.898056_-122.639083,38
37.898417_-122.5015,392
37.898889_-122.294444,47
37.901333_-121.711694,185
37.908056_-122.696111,38
37.910482_-122.693607,38
37.913116_-121.055985,182
37.913333_-121.056111,182
37.920667_-122.379056,47
37.920833_-122.498333,392
37.924278_-122.508639,392
37.932_-122.035972,46
37.935389_-121.347556,185
37.936722_-121.353694,185
37.938778_-122.530111,392
37.939352_-121.537613,185
37.940048_-121.344957,185
37.942778_-122.501944,392
37.949461_-121.34536,185
37.95_-122.496111,392
37.951611_-122.034972,46
37.951667_-122.381667,47
37.952667_-122.061278,46
37.957675_-121.34547,185
37.958444_-122.510722,392
37.959581_-121.45749,185
37.96463_-121.316639,185
37.964701_-121.299907,185
37.964722_-122.501667,392
37.965278_-121.575,185
37.965833_-122.501944,392
37.965856_-121.306872,185
37.966333_-122.502417,392
37.966806_-122.503944,392
37.969167_-122.510833,392
37.969361_-121.310139,185
37.971306_-121.32075,185
37.97225_-121.276611,182
37.972556_-121.276639,182
37.972763_-121.308607,185
37.973045_-121.313685,185
37.975_-121.582222,185
37.977111_-122.538333,392
37.977611_-121.327444,185
37.97795_-121.287109,182
37.978222_-121.281778,182
37.982954_-121.479125,185
37.984889_-122.584,392
37.98825_-121.314056,185
37.988538_-121.357639,185
37.996944_-121.702222,185
37.997139_-122.468389,392
37.9975_-122.070139,46
37.998611_-121.679167,185
37.999444_-121.204167,182
38.001389_-121.621111,185
38.001891_-121.302254,182
38.003838_-121.543269,185
38.005264_-121.368806,185
38.008611_-122.288611,47
38.009167_-122.037222,46
38.010833_-121.797278,192
38.011333_-121.354111,185
38.011561_-121.371674,185
38.012128_-121.388754,185
38.012528_-121.842944,192
38.012778_-121.803333,192
38.01289_-121.364297,185
38.013028_-121.365389,185
38.014156_-121.314142,182
38.014833_-121.319694,182
38.015003_-121.335567,185
38.016486_-121.329972,185
38.01695_-121.33074,185
38.017917_-121.099306,182
38.019333_-122.530028,392
38.01951_-122.08417,46
38.022385_-121.090199,182
38.025_-122.136111,46
38.025556_-122.519444,392
38.026667_-122.098611,46
38.029694_-121.231639,182
38.030381_-121.6402,185
38.031111_-121.366667,185
38.031667_-121.898333,46
38.0325_-121.940778,46
38.032602_-121.330204,182
38.0335_-122.537,392
38.034297_-121.735827,186
38.035111_-121.285944,182
38.035556_-122.116944,46
38.036446_-121.322335,182
38.040556_-122.049444,46
38.041011_-121.978455,46
38.041222_-121.986972,46
38.043333_-122.538056,392
38.052806_-122.511972,392
38.053861_-122.531778,392
38.056621_-121.361514,185
38.063466_-122.529209,392
38.064917_-121.476,185
38.067045_-121.47244,185
38.067511_-121.574288,185
38.069389_-122.816056,38
38.069855_-121.39813,185
38.080889_-121.274194,182
38.08125_-122.542583,392
38.085893_-121.383359,185
38.091639_-122.562556,392
38.091861_-122.597722,392
38.093333_-121.408333,185
38.098333_-121.2775,182
38.100944_-122.600306,392
38.102222_-122.500278,392
38.107111_-121.410861,185
38.107311_-121.649758,186
38.108376_-121.415909,185
38.111389_-121.695,186
38.11375_-122.611472,392
38.113889_-121.491667,185
38.113922_-121.496219,185
38.114124_-121.613969,186
38.114369_-121.500022,185
38.116944_-122.613,392
38.117293_-122.613041,392
38.119444_-120.944917,181
38.119779_-121.662619,186
38.12275_-122.881194,38
38.132278_-122.547278,392
38.134722_-121.276667,182
38.142028_-121.315611,182
38.144083_-121.287472,182
38.14825_-121.292278,182
38.14841_-121.292175,182
38.154722_-122.421944,391
38.157878_-121.610112,186
38.159528_-122.419806,391
38.162172_-121.608471,186
38.162222_-121.600556,186
38.165693_-121.152285,182
38.166367_-121.430719,185
38.177552_-120.936051,181
38.18473_-121.097755,182
38.196389_-122.436611,391
38.196667_-122.296667,40
38.198028_-120.973472,181
38.201389_-121.514722,185
38.204806_-122.520806,391
38.210556_-122.454167,391
38.213985_-121.15256,182
38.215278_-122.456944,391
38.215556_-122.329444,40
38.216136_-121.420573,185
38.218028_-121.221361,182
38.218889_-122.380556,391
38.220194_-122.395194,391
38.221028_-122.394583,391
38.224444_-122.572222,391
38.228083_-122.599528,391
38.2285_-122.579167,391
38.234583_-122.597806,391
38.235778_-122.608694,391
38.236972_-121.254028,182
38.239554_-121.515033,186
38.245556_-122.280278,40
38.245833_-122.2775,40
38.246389_-121.088833,182
38.2465_-122.670222,391
38.247323_-121.508768,186
38.248136_-121.364658,180
38.24878_-121.502845,186
38.250916_-121.308573,180
38.251111_-121.308333,180
38.251306_-122.441194,391
38.251389_-121.327222,180
38.258556_-122.415694,391
38.263465_-121.440961,186
38.267086_-121.132009,182
38.269292_-121.299392,180
38.272778_-121.3275,180
38.280583_-122.651056,391
38.281692_-121.28667,180
38.287278_-122.449889,391
38.289722_-122.456389,391
38.292143_-121.304753,180
38.296252_-121.17685,180
38.298972_-122.462,391
38.300194_-122.6395,391
38.31225_-122.48625,391
38.322528_-122.492583,391
38.323611_-122.693861,36
38.32675_-123.061028,37
38.33_-122.629444,391
38.334472_-122.615639,36
38.338256_-121.502781,186
38.339914_-121.463766,173
38.341389_-121.247222,180
38.342778_-121.505278,186
38.349444_-122.731111,36
38.350667_-122.686083,36
38.350833_-122.512778,391
38.350889_-122.690694,36
38.351111_-122.73,36
38.351667_-122.739167,36
38.352222_-120.956944,181
38.35325_-122.690583,36
38.354311_-122.509961,391
38.354514_-120.962533,181
38.355278_-122.7375,36
38.357583_-122.845472,35
38.361667_-120.9375,181
38.363056_-122.709722,36
38.364444_-122.7325,36
38.367065_-121.500163,186
38.367149_-122.730503,36
38.367472_-122.764528,36
38.3675_-121.499722,186
38.367569_-121.500061,186
38.36905_-121.35391,180
38.369722_-122.725,36
38.370833_-121.352222,180
38.371333_-122.73725,36
38.380135_-122.76628,36
38.384167_-121.260833,180
38.384887_-121.21866,180
38.386939_-121.216036,180
38.388417_-122.698528,36
38.393889_-121.225,180
38.394659_-121.408828,173
38.397039_-121.375237,173
38.402861_-122.817194,36
38.405009_-121.357555,173
38.408_-122.81825,36
38.408_-122.820917,36
38.408611_-121.487222,186
38.409751_-122.775135,36
38.410833_-122.773889,36
38.411954_-121.424106,173
38.413517_-121.369658,173
38.41917_-121.386608,173
38.420612_-121.372898,173
38.420932_-121.34232,173
38.422778_-121.2075,180
38.423697_-121.481849,173
38.425487_-121.383197,173
38.426003_-121.535676,186
38.427093_-121.499219,186
38.430834_-121.407669,173
38.432396_-121.407026,173
38.43425_-122.795694,36
38.436611_-122.831889,36
38.437989_-121.324698,173
38.438056_-122.770278,36
38.44_-122.840833,36
38.440012_-121.500301,186
38.440975_-121.425225,173
38.441894_-121.433432,173
38.4432_-121.41158,173
38.443667_-122.873444,35
38.448056_-122.834167,36
38.449167_-122.845278,36
38.449167_-122.878333,35
38.452222_-121.846111,191
38.454623_-121.173974,180
38.455782_-121.308235,173
38.455833_-122.706111,36
38.459722_-121.394722,173
38.459841_-121.357508,173
38.460075_-121.394827,173
38.460163_-121.351692,173
38.460917_-122.758139,36
38.464722_-121.828611,191
38.465212_-121.340826,173
38.466955_-121.422282,173
38.4715_-122.729056,36
38.477303_-121.512415,186
38.478488_-121.542582,186
38.486924_-121.506874,186
38.487151_-121.439888,173
38.488129_-121.542585,186
38.48907_-121.394763,173
38.495359_-121.555256,186
38.496389_-121.751111,191
38.496579_-121.515463,186
38.496944_-121.788611,191
38.499541_-121.348752,173
38.503513_-121.498677,173
38.503667_-122.747333,36
38.50656_-121.077372,176
38.507333_-122.762639,36
38.510115_-121.331736,173
38.510128_-121.354197,173
38.513243_-121.517002,173
38.513314_-121.517099,173
38.514194_-122.832306,36
38.516639_-122.798806,36
38.518028_-122.809278,36
38.519444_-121.690833,191
38.525605_-121.451816,173
38.529167_-121.7625,162
38.529528_-122.817278,36
38.530965_-121.968378,162
38.535_-121.749444,191
38.536944_-121.769722,162
38.536944_-121.790278,162
38.538889_-121.684444,162
38.538889_-121.735278,162
38.539812_-121.685295,162
38.540127_-121.502556,173
38.540528_-121.710167,162
38.540583_-122.81275,36
38.54083_-121.71472,162
38.540833_-121.699167,162
38.540833_-121.714722,162
38.544044_-121.523615,186
38.544444_-121.683889,162
38.544446_-121.433537,173
38.544922_-121.239451,173
38.545278_-121.543889,186
38.545701_-121.542834,186
38.546873_-121.470433,173
38.547687_-121.856436,162
38.548028_-122.802694,36
38.55179_-121.73888,162
38.552273_-121.629832,186
38.553574_-121.727249,162
38.55361_-121.77111,162
38.553611_-121.630278,186
38.553611_-121.771111,162
38.553889_-121.781944,162
38.554722_-121.751111,162
38.554722_-121.785833,162
38.555278_-121.700833,162
38.555278_-121.730556,162
38.55528_-121.73056,162
38.555556_-121.714444,162
38.555556_-121.723611,162
38.555578_-121.722465,162
38.555683_-121.778263,162
38.556389_-121.681944,162
38.560556_-121.597778,186
38.562059_-121.451862,173
38.56238_-121.393218,173
38.562884_-121.317757,173
38.563594_-121.70821,162
38.563735_-121.707763,162
38.56402_-121.499822,173
38.564576_-121.595349,186
38.565_-121.700278,162
38.56694_-121.785,162
38.566944_-121.785,162
38.567778_-121.767222,162
38.568056_-121.684444,162
38.56806_-121.68444,162
38.568333_-121.730278,162
38.568611_-121.750278,162
38.56944_-121.71389,162
38.569444_-121.713889,162
38.570743_-121.750981,162
38.574444_-121.675,162
38.575833_-121.490833,173
38.576433_-121.489981,173
38.576944_-121.560833,186
38.578796_-121.381516,172
38.5828_-121.3736,172
38.588112_-121.430931,172
38.589286_-121.324183,173
38.589688_-121.741133,162
38.592486_-121.369818,172
38.592778_-121.678333,162
38.593922_-121.850078,162
38.598409_-121.350131,172
38.601506_-121.579736,162
38.601919_-121.53623,162
38.602778_-121.710833,162
38.603495_-121.709536,162
38.605147_-121.506627,172
38.605817_-121.307361,172
38.606111_-121.404167,172
38.610336_-121.711942,162
38.612209_-121.317354,172
38.619236_-121.83009,162
38.621667_-121.742778,162
38.626619_-121.388288,172
38.627206_-121.25068,172
38.627263_-121.329937,172
38.630028_-122.848806,404
38.63586_-121.304984,172
38.641219_-121.390509,172
38.642222_-121.8225,162
38.645833_-121.371389,172
38.646372_-121.345432,172
38.647222_-121.664444,162
38.64938_-121.184703,172
38.649395_-121.144351,172
38.651228_-121.439663,172
38.652787_-121.246716,172
38.653339_-121.332332,172
38.65398_-121.317494,172
38.654463_-121.157965,172
38.655057_-121.447168,172
38.658423_-121.2563,172
38.659007_-121.465616,172
38.659722_-121.733889,162
38.660833_-121.446944,172
38.6625_-121.735556,162
38.664203_-121.764489,162
38.664507_-121.298386,172
38.667988_-121.367303,172
38.669444_-121.738611,162
38.670833_-121.306111,172
38.671111_-121.785833,162
38.672961_-121.778852,162
38.673306_-121.782244,162
38.67393_-121.125607,172
38.674937_-121.240766,172
38.675506_-121.43321,172
38.680418_-121.332182,172
38.683701_-121.780996,162
38.684605_-121.514137,172
38.687073_-121.300809,172
38.688583_-121.335948,172
38.688611_-121.336389,172
38.688627_-121.261479,172
38.689371_-121.586793,172
38.689722_-121.763611,162
38.690107_-121.781452,162
38.690993_-122.017624,162
38.69128_-121.864544,162
38.693321_-121.668901,162
38.696204_-121.223941,172
38.697778_-121.186389,172
38.701815_-121.615058,172
38.703766_-121.217061,172
38.706109_-121.401737,172
38.707449_-121.530145,172
38.707616_-121.29293,172
38.712032_-122.047087,162
38.713889_-121.279167,172
38.714071_-121.279098,172
38.714276_-121.373005,172
38.715812_-121.929483,162
38.716009_-121.25119,172
38.716578_-121.208328,161
38.71811_-121.327842,172
38.71927_-121.24223,172
38.720598_-121.466236,172
38.721203_-121.360924,172
38.722791_-121.286616,172
38.723333_-121.807222,162
38.725623_-121.407058,172
38.729077_-121.353508,172
38.730753_-121.391668,172
38.733598_-121.355549,172
38.733611_-121.315278,172
38.734025_-121.320541,172
38.736389_-121.311944,172
38.736662_-121.364202,172
38.738595_-121.371031,172
38.74339_-121.196837,161
38.745556_-121.342778,172
38.759429_-121.289435,172
38.761111_-121.623611,162
38.764444_-121.452222,172
38.768573_-121.376894,172
38.772222_-121.4695,172
38.78748_-121.25072,172
38.787618_-121.334864,172
38.789167_-121.333611,172
38.789993_-121.17097,161
38.791156_-121.362914,172
38.79598_-121.718999,164
38.79625_-123.00525,404
38.796828_-121.882195,163
38.796944_-121.724167,164
38.800791_-123.006149,404
38.802494_-121.438665,172
38.806667_-121.434722,172
38.818746_-121.213596,161
38.823077_-122.187763,162
38.82426_-121.25729,172
38.836769_-121.392097,172
38.84063_-121.27261,172
38.851694_-121.10745,161
38.85291_-121.51144,172
38.857966_-122.693532,175
38.85809_-121.48852,172
38.858342_-122.693643,175
38.859444_-121.273056,172
38.859611_-121.425833,172
38.860233_-121.459817,172
38.860278_-121.459722,172
38.860528_-121.423806,172
38.861056_-121.429306,172
38.861111_-121.431583,172
38.861583_-121.433833,172
38.86197_-121.41665,172
38.86418_-121.36642,172
38.870805_-121.320058,172
38.87611_-121.33983,172
38.88382_-121.30227,172
38.884241_-121.433298,172
38.884448_-121.967221,163
38.885086_-121.969131,163
38.887317_-121.108582,161
38.88897_-121.28513,172
38.889764_-121.21954,161
38.891709_-122.788757,174
38.892862_-121.072404,161
38.894167_-121.307778,172
38.8954_-121.30735,172
38.8975_-121.305833,172
38.897572_-121.311747,172
38.898056_-121.312222,172
38.898333_-121.202778,161
38.898333_-121.328889,172
38.90017_-121.323937,172
38.900668_-121.324088,172
38.901088_-121.31791,172
38.904267_-121.312188,172
38.910205_-122.640065,174
38.910656_-122.639789,174
38.917709_-122.589128,174
38.917765_-122.628801,174
38.91802_-121.47988,172
38.918204_-122.595245,174
38.918589_-122.776508,174
38.918628_-122.782639,174
38.919487_-122.77654,174
38.920854_-122.625471,174
38.921983_-122.626402,174
38.923508_-122.591573,174
38.924162_-122.618858,174
38.926342_-122.770749,174
38.926905_-122.771763,174
38.927111_-121.395863,172
38.92995_-121.11442,161
38.93174_-121.37688,172
38.93578_-121.44859,172
38.9376_-121.35098,172
38.93773_-121.41875,172
38.940183_-122.746369,174
38.942999_-122.752369,174
38.944958_-121.230569,161
38.945132_-122.744248,174
38.948552_-122.740911,174
38.949034_-122.749214,174
38.950724_-122.743368,174
38.953372_-121.32362,172
38.963517_-121.134846,161
38.964861_-122.492917,174
38.97224_-121.29309,161
38.977172_-121.387612,172
38.97811_-121.37943,172
38.983599_-122.663522,174
38.98377_-121.37576,172
38.987301_-121.018438,156
38.98827_-121.38201,172
38.989478_-122.669852,174
38.989876_-122.685967,174
38.99201_-121.35845,172
38.992413_-120.881935,158
38.99548_-121.37807,172
38.99914_-121.09201,161
38.99945_-121.26266,161
39.008056_-121.373889,172
39.013939_-122.929575,174
39.01643_-122.925944,174
39.019232_-122.661803,174
39.020536_-122.66731,174
39.021384_-121.354873,172
39.022326_-120.815738,158
39.023173_-122.920156,174
39.023238_-122.920934,174
39.023525_-122.673286,174
39.039834_-122.912162,174
39.047693_-122.913478,174
39.062778_-120.473611,158
39.068321_-122.585098,174
39.073834_-122.594804,174
39.074863_-122.60117,174
39.074931_-122.596655,174
39.0977_-122.9019,174
39.100433_-120.952069,158
39.113611_-122.913056,174
39.119793_-122.881162,174
39.123827_-122.876467,174
39.125557_-122.881264,174
39.125939_-122.88352,174
39.12612_-122.884427,174
39.126342_-122.886015,174
39.126384_-122.882016,174
39.126402_-122.889639,174
39.12984_-120.16489,268
39.132872_-122.897748,174
39.138569_-122.888615,174
39.142431_-122.899906,174
39.142452_-122.897195,174
39.146143_-122.902521,174
39.149229_-122.903199,174
39.163179_-122.939842,174
39.164892_-122.945203,174
39.165895_-122.943376,174
39.167814_-120.147052,268
39.174602_-120.233414,268
39.181184_-120.21904,268
39.192597_-122.961986,174
39.1942_-122.962772,174
39.206611_-120.206806,268
39.209599_-120.804554,156
39.24_-120.03,268
39.298_-120.38,158
39.322302_-122.779306,25
39.323996_-122.779616,25
39.345473_-122.756786,25
39.34565_-122.75278,139
39.348924_-122.751183,139
40.38326_-122.29334,141
40.39252_-122.1785,143
40.44297_-122.30106,141
40.44628_-122.40745,141
40.448711_-122.318085,141
40.46089_-122.23685,141
40.46719_-122.26793,141
40.48042_-122.34665,141
40.481544_-122.347939,141
40.4917_-121.88802,145
40.50636_-122.53867,141
40.509444_-122.344444,143
40.53658_-122.34366,143
40.55492_-122.23048,143
40.5552_-122.18289,143
40.5734_-122.43283,141
40.57534_-122.31015,143
40.59017_-122.37693,141
40.62399_-122.30494,143
40.67448_-122.37878,143
40.68212_-122.34924,143
40.69765_-122.63831,137
40.72963_-122.32381,143
41.13961_-122.31742,136
